,SYMBOL,SERIES,OPEN,HIGH,LOW,CLOSE,LAST,PREVCLOSE,TOTTRDQTY,TOTTRDVAL,TIMESTAMP,TOTALTRADES,ISIN
0,ASIANPAINT,EQ,1125.0,1128.85,1099.0,1109.15,1110.0,1134.15,930404,1031024935.0,2017-06-28,38589,INE021A01026
1,ASIANPAINT,EQ,1157.5,1174.9,1150.15,1171.0,1170.0,1156.5,445227,519027732.95,2017-11-28,17566,INE021A01026
2,ASIANPAINT,EQ,1003.1,1026.8,998.15,1024.2,1025.8,1001.95,1368244,1384214422.35,2017-02-28,52119,INE021A01026
3,ASIANPAINT,EQ,1106.6,1124.95,1105.35,1120.45,1122.0,1105.35,1012065,1131321043.2,2017-04-28,39438,INE021A01026
4,ASIANPAINT,EQ,1081.8,1083.0,1067.15,1079.7,1081.5,1079.45,423077,455025725.1,2017-03-20,16569,INE021A01026
5,ASIANPAINT,EQ,967.4,973.55,957.75,964.7,960.95,967.2,1206139,1163029121.85,2017-01-23,35182,INE021A01026
6,ASIANPAINT,EQ,1170.2,1179.0,1127.0,1132.95,1135.0,1166.45,2500503,2847289051.0,2017-05-12,46369,INE021A01026
7,ASIANPAINT,EQ,1045.0,1061.95,1045.0,1057.85,1061.9,1042.9,452398,477409959.15,2017-03-28,17904,INE021A01026
8,ASIANPAINT,EQ,1056.0,1062.75,1042.5,1058.8,1060.0,1048.9,493562,518925440.0,2017-04-20,24358,INE021A01026
9,ASIANPAINT,EQ,1154.35,1155.3,1129.0,1141.3,1140.0,1154.0,857454,976502702.85,2017-08-16,38844,INE021A01026
10,ASIANPAINT,EQ,1143.0,1148.9,1127.1,1146.1,1148.0,1144.5,997619,1136102963.0,2017-08-03,37568,INE021A01026
11,ASIANPAINT,EQ,961.0,979.95,953.85,975.75,977.5,960.8,1092302,1058898701.5,2017-02-20,58513,INE021A01026
12,ASIANPAINT,EQ,1155.1,1156.85,1144.5,1149.45,1150.0,1154.15,804319,924283359.7,2017-06-20,29440,INE021A01026
13,ASIANPAINT,EQ,1173.0,1176.45,1159.65,1166.35,1164.0,1171.3,255840,298523163.7,2017-11-20,17492,INE021A01026
14,ASIANPAINT,EQ,1185.0,1198.8,1179.55,1182.55,1183.0,1184.55,280643,333036572.1,2017-10-30,15665,INE021A01026
15,ASIANPAINT,EQ,1222.9,1232.05,1195.0,1201.7,1199.25,1222.9,1015698,1230619589.45,2017-10-25,46941,INE021A01026
16,ASIANPAINT,EQ,1136.0,1137.4,1124.1,1133.7,1137.0,1131.75,373345,422222241.1,2017-07-12,33705,INE021A01026
17,ASIANPAINT,EQ,1135.0,1135.4,1112.05,1115.45,1114.15,1132.15,364301,407876200.85,2017-07-07,13947,INE021A01026
18,ASIANPAINT,EQ,1150.0,1173.0,1143.4,1167.35,1171.75,1146.8,672001,777869272.25,2017-05-08,18290,INE021A01026
19,ASIANPAINT,EQ,972.8,977.5,964.0,970.7,970.0,973.2,603928,586562336.5,2017-01-31,26627,INE021A01026
20,ASIANPAINT,EQ,963.5,979.85,953.6,973.45,979.85,964.7,1748158,1686389682.7,2017-01-24,47196,INE021A01026
21,ASIANPAINT,EQ,1068.0,1068.0,1039.95,1042.9,1042.95,1064.25,833514,873289724.0,2017-03-27,25129,INE021A01026
22,ASIANPAINT,EQ,1206.0,1241.0,1199.6,1238.05,1238.5,1203.95,843302,1031557439.45,2017-09-11,34092,INE021A01026
23,ASIANPAINT,EQ,1215.9,1215.9,1192.0,1197.05,1197.0,1215.9,682612,818380416.45,2017-09-04,26091,INE021A01026
24,ASIANPAINT,EQ,1104.9,1109.55,1092.0,1105.35,1107.9,1104.65,666287,734500475.3,2017-04-27,23310,INE021A01026
25,ASIANPAINT,EQ,1262.0,1262.0,1249.2,1253.3,1253.0,1255.95,464997,582634384.1,2017-09-19,11040,INE021A01026
26,ASIANPAINT,EQ,1142.9,1149.9,1135.0,1148.05,1149.9,1132.95,729473,835665366.3,2017-05-15,20868,INE021A01026
27,ASIANPAINT,EQ,1158.0,1160.0,1146.1,1156.5,1158.0,1159.6,373156,430106902.75,2017-11-27,18638,INE021A01026
28,ASIANPAINT,EQ,1157.0,1168.35,1130.0,1134.15,1132.0,1153.65,484244,552874780.7,2017-06-27,21273,INE021A01026
29,ASIANPAINT,EQ,1010.0,1018.55,999.0,1001.95,1005.6,1009.0,738246,741597325.2,2017-02-27,28244,INE021A01026
30,ASIANPAINT,EQ,1144.0,1159.95,1140.65,1157.3,1159.0,1146.1,529318,609198978.45,2017-08-04,12321,INE021A01026
31,ASIANPAINT,EQ,1135.65,1148.75,1121.2,1143.9,1146.0,1151.1,843233,957566075.25,2017-08-11,32919,INE021A01026
32,ASIANPAINT,EQ,1137.0,1142.5,1132.5,1138.0,1138.5,1137.9,377780,429948298.2,2017-12-22,13339,INE021A01026
33,ASIANPAINT,EQ,1104.9,1122.0,1092.75,1104.65,1100.85,1097.9,1870316,2073228570.05,2017-04-26,48758,INE021A01026
34,ASIANPAINT,EQ,1250.0,1261.0,1248.8,1255.95,1252.5,1245.5,419287,526439212.55,2017-09-18,11827,INE021A01026
35,ASIANPAINT,EQ,1154.0,1160.3,1146.0,1151.1,1152.5,1155.55,649594,749326315.95,2017-08-10,29440,INE021A01026
36,ASIANPAINT,EQ,1135.0,1144.0,1127.85,1132.15,1129.0,1126.65,532283,604736820.45,2017-07-06,27898,INE021A01026
37,ASIANPAINT,EQ,1139.8,1144.25,1121.25,1125.5,1122.25,1133.7,764694,868412600.3,2017-07-13,29571,INE021A01026
38,ASIANPAINT,EQ,1175.0,1234.0,1175.0,1222.9,1229.0,1174.15,2345084,2829804358.3,2017-10-24,76468,INE021A01026
39,ASIANPAINT,EQ,1182.0,1188.85,1176.15,1180.85,1182.0,1182.55,279632,330414471.55,2017-10-31,17963,INE021A01026
40,ASIANPAINT,EQ,1131.95,1142.45,1123.0,1140.0,1135.55,1134.95,357491,405077707.05,2017-08-18,21446,INE021A01026
41,ASIANPAINT,EQ,1201.25,1223.05,1200.4,1206.35,1206.05,1197.05,714964,865670576.55,2017-09-05,21551,INE021A01026
42,ASIANPAINT,EQ,979.0,981.35,971.15,977.7,975.0,973.45,1128224,1103039021.4,2017-01-25,27200,INE021A01026
43,ASIANPAINT,EQ,969.0,979.0,963.0,973.2,974.0,969.6,572175,555275501.2,2017-01-30,15950,INE021A01026
44,ASIANPAINT,EQ,1172.45,1176.85,1160.1,1165.3,1162.0,1167.35,734416,858583171.95,2017-05-09,13237,INE021A01026
45,ASIANPAINT,EQ,1065.9,1071.5,1054.2,1065.45,1065.0,1058.8,701515,747114364.05,2017-04-21,23224,INE021A01026
46,ASIANPAINT,EQ,1062.0,1079.0,1057.85,1068.1,1069.8,1057.85,1345902,1439310989.6,2017-03-29,36236,INE021A01026
47,ASIANPAINT,EQ,1158.0,1160.4,1149.9,1155.4,1156.5,1149.45,553929,639725560.0,2017-06-21,24188,INE021A01026
48,ASIANPAINT,EQ,1168.6,1175.0,1156.0,1160.3,1162.5,1166.35,421268,489530870.6,2017-11-21,29975,INE021A01026
49,ASIANPAINT,EQ,977.7,993.95,976.3,991.5,991.2,975.75,885074,872905717.95,2017-02-21,36501,INE021A01026
50,ASIANPAINT,EQ,1150.0,1152.0,1135.0,1144.5,1145.0,1148.2,848781,968147645.3,2017-08-02,18269,INE021A01026
51,ASIANPAINT,EQ,1141.3,1142.8,1132.0,1134.95,1134.0,1141.3,494638,561942843.45,2017-08-17,29470,INE021A01026
52,ASIANPAINT,EQ,1184.45,1191.85,1159.0,1174.15,1172.6,1178.5,698954,818634851.55,2017-10-23,43653,INE021A01026
53,ASIANPAINT,EQ,1128.25,1128.95,1112.05,1117.35,1119.5,1125.5,872831,975065190.5,2017-07-14,31654,INE021A01026
54,ASIANPAINT,EQ,1112.0,1126.95,1100.0,1104.55,1101.65,1109.15,460382,512284698.75,2017-06-29,18531,INE021A01026
55,ASIANPAINT,EQ,1166.0,1176.35,1148.25,1153.85,1150.9,1171.0,516698,600965762.1,2017-11-29,18653,INE021A01026
56,ASIANPAINT,EQ,1081.95,1084.95,1063.45,1068.7,1069.85,1079.7,1431610,1540804376.55,2017-03-21,35296,INE021A01026
57,ASIANPAINT,EQ,1142.0,1155.6,1140.2,1150.75,1150.95,1138.0,820589,943169042.45,2017-12-26,14538,INE021A01026
58,ASIANPAINT,EQ,1030.0,1030.0,1005.35,1009.0,1013.9,1020.3,1580357,1603914598.7,2017-02-23,32632,INE021A01026
59,ASIANPAINT,EQ,1175.5,1177.9,1157.05,1159.6,1160.7,1174.3,482632,560666445.45,2017-11-23,17096,INE021A01026
60,ASIANPAINT,EQ,1163.0,1164.5,1146.1,1153.65,1154.0,1162.55,596082,687170909.3,2017-06-23,23188,INE021A01026
61,ASIANPAINT,EQ,1118.9,1135.0,1117.6,1132.6,1135.0,1118.9,878814,990289379.75,2017-05-04,32000,INE021A01026
62,ASIANPAINT,EQ,1159.0,1178.9,1152.3,1166.45,1170.45,1158.3,1003768,1172380804.45,2017-05-11,36548,INE021A01026
63,ASIANPAINT,EQ,1195.0,1206.0,1190.0,1203.95,1204.05,1198.65,477517,572802443.0,2017-09-08,19910,INE021A01026
64,ASIANPAINT,EQ,1230.5,1249.65,1226.2,1245.5,1247.45,1246.05,912016,1130166374.85,2017-09-15,39381,INE021A01026
65,ASIANPAINT,EQ,1139.85,1144.8,1098.8,1123.15,1131.0,1151.35,1732673,1948985827.7,2017-05-19,87720,INE021A01026
66,ASIANPAINT,EQ,960.3,977.85,954.15,967.2,965.1,962.7,2190366,2119125780.35,2017-01-20,31105,INE021A01026
67,ASIANPAINT,EQ,1060.0,1070.0,1054.0,1061.6,1059.55,1057.85,466635,494962223.95,2017-03-23,16584,INE021A01026
68,ASIANPAINT,EQ,1107.0,1123.45,1104.2,1120.25,1122.0,1102.95,512386,571037455.65,2017-07-03,19750,INE021A01026
69,ASIANPAINT,EQ,1146.0,1151.5,1139.1,1147.35,1150.0,1149.65,600256,686468617.2,2017-08-08,14696,INE021A01026
70,ASIANPAINT,EQ,1154.95,1158.0,1146.05,1155.85,1152.95,1146.6,964588,1113381399.0,2017-07-19,59369,INE021A01026
71,ASIANPAINT,EQ,1164.0,1164.0,1148.15,1159.6,1161.0,1159.6,406704,470283281.2,2017-11-24,14290,INE021A01026
72,ASIANPAINT,EQ,1140.95,1144.0,1130.4,1137.9,1135.0,1135.5,460388,523600427.6,2017-12-21,14201,INE021A01026
73,ASIANPAINT,EQ,1160.0,1160.75,1142.4,1149.65,1150.0,1157.3,576280,661176187.95,2017-08-07,17046,INE021A01026
74,ASIANPAINT,EQ,1066.1,1074.35,1063.7,1069.95,1067.75,1065.45,363436,388687665.4,2017-04-24,11478,INE021A01026
75,ASIANPAINT,EQ,1148.9,1149.7,1129.6,1142.85,1143.5,1148.05,913600,1038946254.2,2017-05-16,35436,INE021A01026
76,ASIANPAINT,EQ,1116.0,1123.95,1113.0,1118.9,1118.0,1112.1,476101,532302282.45,2017-05-03,20837,INE021A01026
77,ASIANPAINT,EQ,1070.0,1079.5,1065.0,1073.5,1070.0,1070.1,937954,1006976471.8,2017-03-31,30904,INE021A01026
78,ASIANPAINT,EQ,1062.8,1073.0,1061.05,1064.25,1064.0,1061.6,435183,464621017.8,2017-03-24,16176,INE021A01026
79,ASIANPAINT,EQ,979.8,989.6,964.1,969.6,968.05,977.7,1043635,1018245349.9,2017-01-27,32109,INE021A01026
80,ASIANPAINT,EQ,1218.0,1218.8,1193.95,1198.65,1196.1,1206.05,832839,1000403396.05,2017-09-07,19928,INE021A01026
81,ASIANPAINT,EQ,1242.0,1259.95,1236.05,1256.35,1255.8,1238.05,1461215,1829207188.0,2017-09-12,42965,INE021A01026
82,ASIANPAINT,EQ,1194.0,1203.65,1180.7,1191.15,1187.25,1201.7,808543,962163742.4,2017-10-26,23523,INE021A01026
83,ASIANPAINT,EQ,1123.8,1126.45,1106.8,1108.55,1109.95,1120.25,549148,609970520.8,2017-07-04,18836,INE021A01026
84,ASIANPAINT,EQ,1125.0,1135.0,1122.6,1131.75,1134.0,1127.75,532133,601007642.65,2017-07-11,25033,INE021A01026
85,ASIANPAINT,EQ,1250.05,1262.0,1249.0,1254.95,1250.0,1256.35,913364,1146375042.25,2017-09-13,26641,INE021A01026
86,ASIANPAINT,EQ,1198.35,1213.45,1198.0,1206.05,1204.0,1206.35,370400,447261337.45,2017-09-06,13632,INE021A01026
87,ASIANPAINT,EQ,1068.1,1074.7,1062.0,1070.1,1065.75,1068.1,1171200,1251979785.35,2017-03-30,40214,INE021A01026
88,ASIANPAINT,EQ,1215.45,1215.45,1075.0,1127.75,1127.0,1115.45,70602,79593495.9,2017-07-10,2627,INE021A01026
89,ASIANPAINT,EQ,1108.55,1135.0,1108.55,1126.65,1132.0,1108.55,837353,937948116.65,2017-07-05,29164,INE021A01026
90,ASIANPAINT,EQ,1193.9,1195.0,1178.6,1184.55,1189.0,1191.15,346755,411357108.15,2017-10-27,15178,INE021A01026
91,ASIANPAINT,EQ,1146.0,1154.35,1138.35,1144.4,1144.35,1149.05,536350,615062960.35,2017-12-28,15520,INE021A01026
92,ASIANPAINT,EQ,1137.5,1141.95,1125.0,1135.5,1138.0,1137.7,458160,520444856.9,2017-12-20,16587,INE021A01026
93,ASIANPAINT,EQ,1099.95,1112.0,1083.3,1102.95,1105.0,1104.55,617697,679758887.75,2017-06-30,24131,INE021A01026
94,ASIANPAINT,EQ,1150.25,1158.0,1141.35,1146.75,1151.5,1153.85,1433116,1643714627.55,2017-11-30,47571,INE021A01026
95,ASIANPAINT,EQ,1118.0,1150.0,1117.0,1146.6,1146.5,1125.45,648737,740912955.25,2017-07-18,19803,INE021A01026
96,ASIANPAINT,EQ,1123.1,1137.5,1100.0,1112.1,1108.95,1120.45,1031522,1150719107.1,2017-05-02,42009,INE021A01026
97,ASIANPAINT,EQ,1143.0,1159.0,1136.55,1154.95,1156.75,1142.85,579709,666523901.3,2017-05-17,24824,INE021A01026
98,ASIANPAINT,EQ,1074.7,1101.95,1070.0,1097.9,1091.1,1069.95,1060527,1155013522.05,2017-04-25,42682,INE021A01026
99,ASIANPAINT,EQ,1058.0,1064.15,1048.55,1057.85,1056.45,1068.7,661176,698738779.55,2017-03-22,33147,INE021A01026
100,ASIANPAINT,EQ,1147.15,1159.8,1140.0,1151.35,1154.8,1154.95,702003,807226505.8,2017-05-18,23468,INE021A01026
101,ASIANPAINT,EQ,1174.2,1219.0,1166.0,1215.9,1215.0,1168.55,1523879,1827651820.45,2017-09-01,43768,INE021A01026
102,ASIANPAINT,EQ,1258.0,1262.0,1241.0,1246.05,1241.0,1254.95,754072,945065748.0,2017-09-14,21497,INE021A01026
103,ASIANPAINT,EQ,1147.8,1158.9,1140.1,1155.55,1155.55,1147.35,530763,610567487.8,2017-08-09,24548,INE021A01026
104,ASIANPAINT,EQ,1120.6,1128.7,1115.25,1125.45,1125.5,1117.35,1260921,1414680925.75,2017-07-17,24307,INE021A01026
105,ASIANPAINT,EQ,1162.5,1176.5,1155.0,1174.3,1175.5,1160.3,731572,855527945.2,2017-11-22,26536,INE021A01026
106,ASIANPAINT,EQ,1157.0,1171.0,1156.6,1162.55,1160.15,1155.4,651018,758455288.35,2017-06-22,21717,INE021A01026
107,ASIANPAINT,EQ,995.1,1025.75,993.9,1020.3,1020.0,991.5,2809160,2838999162.3,2017-02-22,94095,INE021A01026
108,ASIANPAINT,EQ,1150.0,1157.0,1142.0,1149.05,1146.2,1150.75,611258,702544364.9,2017-12-27,14384,INE021A01026
109,ASIANPAINT,EQ,1149.45,1163.7,1145.0,1154.0,1155.0,1143.9,511994,590983226.1,2017-08-14,21912,INE021A01026
110,ASIANPAINT,EQ,1162.0,1163.0,1140.5,1148.2,1150.0,1161.7,1176561,1349472820.35,2017-08-01,46965,INE021A01026
111,ASIANPAINT,EQ,1167.1,1182.0,1148.15,1158.3,1150.0,1165.3,1004939,1171449158.25,2017-05-10,33068,INE021A01026
112,ASIANPAINT,EQ,1135.0,1160.0,1134.0,1146.8,1146.0,1132.6,1518367,1744762560.95,2017-05-05,40207,INE021A01026
113,ASIANPAINT,EQ,1027.05,1027.05,1006.0,1013.7,1015.0,1028.75,596208,604071403.4,2017-03-03,27771,INE021A01026
114,ASIANPAINT,EQ,1071.25,1089.5,1068.25,1087.55,1085.5,1064.05,1382416,1495721692.85,2017-03-16,38532,INE021A01026
115,ASIANPAINT,EQ,1256.5,1256.9,1235.0,1237.3,1238.2,1253.3,473176,586938698.55,2017-09-20,16776,INE021A01026
116,ASIANPAINT,EQ,1131.5,1159.75,1126.1,1155.9,1155.9,1135.6,751938,862451993.8,2017-08-28,48173,INE021A01026
117,ASIANPAINT,EQ,1169.8,1169.8,1152.8,1158.6,1157.0,1157.3,363972,423070053.9,2017-10-09,14040,INE021A01026
118,ASIANPAINT,EQ,1114.8,1114.95,1099.0,1104.35,1104.35,1115.0,723473,800583272.45,2017-12-06,59536,INE021A01026
119,ASIANPAINT,EQ,1117.9,1137.5,1110.0,1116.55,1115.9,1117.4,646677,726519605.8,2017-12-13,20248,INE021A01026
120,ASIANPAINT,EQ,1182.45,1183.1,1167.3,1172.45,1172.0,1178.4,258595,303500067.45,2017-11-03,16743,INE021A01026
121,ASIANPAINT,EQ,1183.0,1189.0,1175.0,1179.55,1178.1,1181.55,429230,506319558.0,2017-11-16,27051,INE021A01026
122,ASIANPAINT,EQ,1142.7,1149.8,1128.45,1145.4,1143.0,1140.3,1184164,1351334376.95,2017-06-16,56798,INE021A01026
123,ASIANPAINT,EQ,985.0,989.55,967.75,969.9,970.45,981.7,932357,908407255.2,2017-02-16,33662,INE021A01026
124,ASIANPAINT,EQ,990.0,993.9,981.05,985.9,984.65,989.0,465754,459184700.0,2017-02-03,14352,INE021A01026
125,ASIANPAINT,EQ,1074.7,1098.45,1068.5,1089.85,1098.0,1073.5,790370,854853676.25,2017-04-03,23763,INE021A01026
126,ASIANPAINT,EQ,1155.0,1165.0,1123.0,1130.0,1126.9,1160.0,2353175,2665980874.3,2017-09-28,79062,INE021A01026
127,ASIANPAINT,EQ,1095.0,1107.05,1080.5,1091.2,1095.0,1098.9,1551698,1693452519.6,2017-05-24,41861,INE021A01026
128,ASIANPAINT,EQ,1159.0,1165.0,1144.55,1151.2,1148.3,1159.45,1488564,1717935013.8,2017-05-31,68693,INE021A01026
129,ASIANPAINT,EQ,1173.1,1178.55,1152.85,1160.0,1159.5,1174.0,786410,916910965.95,2017-09-27,37236,INE021A01026
130,ASIANPAINT,EQ,1044.0,1056.0,1033.7,1048.9,1052.6,1040.45,398732,416349395.2,2017-04-19,31599,INE021A01026
131,ASIANPAINT,EQ,935.0,939.35,926.3,933.55,931.75,934.65,955700,891270629.15,2017-01-12,30850,INE021A01026
132,ASIANPAINT,EQ,1155.0,1169.7,1153.0,1157.3,1154.9,1153.25,344962,400385058.5,2017-10-06,11666,INE021A01026
133,ASIANPAINT,EQ,1158.8,1177.1,1154.15,1174.25,1175.95,1158.8,417081,486956154.75,2017-10-13,14832,INE021A01026
134,ASIANPAINT,EQ,1149.0,1158.0,1137.95,1154.15,1157.6,1145.4,808994,928570891.65,2017-06-19,35058,INE021A01026
135,ASIANPAINT,EQ,1151.6,1159.5,1140.0,1155.75,1158.1,1156.1,2063340,2371287310.4,2017-07-24,49355,INE021A01026
136,ASIANPAINT,EQ,1154.15,1164.0,1146.1,1161.7,1163.0,1153.25,777721,898441631.45,2017-07-31,34112,INE021A01026
137,ASIANPAINT,EQ,1122.0,1129.55,1115.4,1123.45,1119.0,1116.55,543059,610176389.6,2017-12-14,31106,INE021A01026
138,ASIANPAINT,EQ,1147.2,1154.0,1130.25,1133.75,1137.0,1146.75,397188,454085191.55,2017-12-01,20143,INE021A01026
139,ASIANPAINT,EQ,1119.95,1126.55,1091.45,1098.9,1100.0,1112.55,1374392,1513145693.4,2017-05-23,39196,INE021A01026
140,ASIANPAINT,EQ,1063.7,1076.75,1056.55,1072.5,1075.0,1059.2,731062,781278200.3,2017-04-11,24736,INE021A01026
141,ASIANPAINT,EQ,1129.0,1134.7,1116.0,1118.7,1120.0,1123.45,897594,1006572661.65,2017-12-15,51653,INE021A01026
142,ASIANPAINT,EQ,1165.0,1176.4,1159.5,1161.55,1162.0,1164.3,425935,496855895.65,2017-06-05,23829,INE021A01026
143,ASIANPAINT,EQ,1194.9,1194.9,1160.0,1178.6,1185.0,1195.6,1130647,1323350135.1,2017-11-10,29975,INE021A01026
144,ASIANPAINT,EQ,1005.9,1009.0,990.5,993.05,991.55,1002.85,479738,478066820.0,2017-02-10,14730,INE021A01026
145,ASIANPAINT,EQ,1078.4,1080.45,1057.05,1059.2,1059.0,1082.95,757492,806140859.85,2017-04-10,20984,INE021A01026
146,ASIANPAINT,EQ,1094.0,1094.65,1068.8,1082.55,1081.35,1089.85,927397,1002938403.65,2017-04-05,51632,INE021A01026
147,ASIANPAINT,EQ,1124.25,1137.85,1104.0,1112.55,1115.0,1123.15,1058940,1180313677.85,2017-05-22,35354,INE021A01026
148,ASIANPAINT,EQ,1024.1,1037.2,1024.1,1030.25,1028.9,1031.1,579487,597507019.5,2017-03-10,33905,INE021A01026
149,ASIANPAINT,EQ,935.55,938.2,927.15,933.25,933.0,933.55,770385,719010942.85,2017-01-13,25787,INE021A01026
150,ASIANPAINT,EQ,918.0,932.5,914.6,929.5,930.65,916.5,1717545,1590411049.3,2017-01-06,60859,INE021A01026
151,ASIANPAINT,EQ,1187.0,1189.75,1164.0,1174.0,1172.0,1196.95,740276,869514466.5,2017-09-26,28850,INE021A01026
152,ASIANPAINT,EQ,1062.4,1068.95,1037.3,1040.45,1042.7,1059.35,722855,762989679.1,2017-04-18,24569,INE021A01026
153,ASIANPAINT,EQ,1160.05,1165.0,1140.0,1150.1,1148.0,1155.75,2963793,3411864698.8,2017-07-25,78151,INE021A01026
154,ASIANPAINT,EQ,1144.95,1153.5,1130.1,1135.5,1135.5,1144.4,593327,675335859.3,2017-12-08,25826,INE021A01026
155,ASIANPAINT,EQ,1156.5,1162.0,1146.05,1158.8,1159.5,1160.6,658884,759334051.3,2017-10-12,27065,INE021A01026
156,ASIANPAINT,EQ,989.45,995.0,981.95,989.0,989.0,991.0,1365514,1349962479.9,2017-02-02,29609,INE021A01026
157,ASIANPAINT,EQ,973.0,973.4,955.6,960.8,960.0,969.9,1142332,1101809853.95,2017-02-17,48511,INE021A01026
158,ASIANPAINT,EQ,1186.0,1193.9,1166.0,1171.3,1167.0,1179.55,454013,534805093.2,2017-11-17,28553,INE021A01026
159,ASIANPAINT,EQ,1176.4,1181.95,1166.0,1178.4,1180.0,1175.95,245949,288810099.35,2017-11-02,12500,INE021A01026
160,ASIANPAINT,EQ,1161.2,1174.9,1160.2,1164.3,1162.0,1160.45,437401,510546697.9,2017-06-02,18139,INE021A01026
161,ASIANPAINT,EQ,1131.85,1131.85,1101.0,1117.4,1119.9,1125.85,1060836,1177684445.4,2017-12-12,29545,INE021A01026
162,ASIANPAINT,EQ,1108.0,1151.0,1106.85,1144.4,1143.0,1104.35,986078,1109215348.5,2017-12-07,49067,INE021A01026
163,ASIANPAINT,EQ,1141.8,1141.8,1128.5,1134.45,1137.5,1140.0,456594,517315797.2,2017-08-21,17328,INE021A01026
164,ASIANPAINT,EQ,1150.0,1166.1,1147.0,1159.45,1159.05,1146.55,460978,533362998.35,2017-05-30,14351,INE021A01026
165,ASIANPAINT,EQ,1095.55,1125.0,1090.05,1113.2,1112.95,1091.2,1226634,1353073003.65,2017-05-25,25147,INE021A01026
166,ASIANPAINT,EQ,932.0,933.05,906.0,910.1,912.25,929.5,1356124,1241358990.1,2017-01-09,38597,INE021A01026
167,ASIANPAINT,EQ,1079.55,1080.0,1056.45,1059.35,1060.0,1078.3,506747,538467133.4,2017-04-17,32315,INE021A01026
168,ASIANPAINT,EQ,1130.0,1144.95,1127.0,1131.7,1131.05,1130.0,791548,900518100.6,2017-09-29,32590,INE021A01026
169,ASIANPAINT,EQ,1238.0,1247.25,1224.95,1229.1,1229.0,1237.3,772766,955473278.05,2017-09-21,24591,INE021A01026
170,ASIANPAINT,EQ,1090.25,1092.2,1075.0,1079.45,1080.6,1087.55,782439,846174621.9,2017-03-17,27347,INE021A01026
171,ASIANPAINT,EQ,1037.9,1044.75,1026.4,1028.75,1029.95,1032.75,1037442,1073797386.75,2017-03-02,35497,INE021A01026
172,ASIANPAINT,EQ,1155.0,1155.0,1139.3,1151.7,1150.2,1155.9,578071,662891431.35,2017-08-29,19260,INE021A01026
173,ASIANPAINT,EQ,1024.0,1034.75,1015.0,1022.55,1022.35,1023.95,1164247,1188946648.65,2017-03-08,21239,INE021A01026
174,ASIANPAINT,EQ,1122.0,1124.15,1108.05,1115.0,1115.8,1121.0,702853,782973326.85,2017-12-05,34404,INE021A01026
175,ASIANPAINT,EQ,1131.8,1144.5,1114.0,1141.3,1140.1,1129.45,513036,580350562.4,2017-08-23,26255,INE021A01026
176,ASIANPAINT,EQ,1148.0,1156.9,1139.0,1153.25,1156.0,1148.8,616845,708342233.25,2017-07-28,18633,INE021A01026
177,ASIANPAINT,EQ,1148.0,1150.0,1133.35,1140.3,1143.1,1149.6,1003963,1143458962.6,2017-06-15,49987,INE021A01026
178,ASIANPAINT,EQ,1155.0,1190.0,1151.05,1181.55,1183.0,1155.05,829732,969726077.3,2017-11-15,50764,INE021A01026
179,ASIANPAINT,EQ,981.2,986.95,976.0,981.7,981.0,980.8,600970,590359666.5,2017-02-15,29763,INE021A01026
180,ASIANPAINT,EQ,999.3,1009.9,981.0,997.7,997.9,999.3,1192386,1189393799.1,2017-02-08,41419,INE021A01026
181,ASIANPAINT,EQ,1174.8,1174.8,1140.2,1143.3,1144.8,1161.5,1202971,1384659689.3,2017-06-08,54584,INE021A01026
182,ASIANPAINT,EQ,1147.1,1179.4,1145.05,1172.2,1168.0,1141.45,691775,808725070.3,2017-11-08,26261,INE021A01026
183,ASIANPAINT,EQ,1156.9,1157.85,1133.95,1155.55,1156.15,1155.85,1287749,1478729106.65,2017-07-20,51635,INE021A01026
184,ASIANPAINT,EQ,1120.0,1139.95,1110.0,1137.15,1137.0,1118.7,622558,704027449.05,2017-12-18,41876,INE021A01026
185,ASIANPAINT,EQ,1170.0,1200.0,1170.0,1197.15,1197.7,1171.05,979278,1163106782.55,2017-10-17,30341,INE021A01026
186,ASIANPAINT,EQ,1068.0,1075.5,1061.1,1064.05,1066.0,1071.4,619852,660571503.25,2017-03-15,25539,INE021A01026
187,ASIANPAINT,EQ,910.0,910.0,893.45,896.6,896.0,904.65,2068282,1866448979.0,2017-01-03,33522,INE021A01026
188,ASIANPAINT,EQ,930.0,941.55,926.9,935.25,938.0,933.25,889759,833217836.9,2017-01-16,26199,INE021A01026
189,ASIANPAINT,EQ,965.1,965.75,954.4,962.7,962.0,963.35,770727,740202587.85,2017-01-19,18284,INE021A01026
190,ASIANPAINT,EQ,1075.5,1081.9,1063.1,1070.45,1072.0,1072.5,719256,770575188.55,2017-04-12,27181,INE021A01026
191,ASIANPAINT,EQ,1077.0,1089.9,1073.1,1082.95,1074.8,1086.9,837821,908168640.8,2017-04-07,20805,INE021A01026
192,ASIANPAINT,EQ,992.0,1003.95,990.2,999.3,997.15,992.5,577723,576843106.9,2017-02-07,17374,INE021A01026
193,ASIANPAINT,EQ,1158.0,1164.65,1132.5,1141.45,1142.0,1162.35,758497,867066787.7,2017-11-07,28300,INE021A01026
194,ASIANPAINT,EQ,1154.0,1168.0,1146.0,1161.5,1164.5,1153.15,531046,616040896.7,2017-06-07,51084,INE021A01026
195,ASIANPAINT,EQ,1154.4,1158.65,1142.6,1150.7,1151.0,1155.75,649908,746917164.3,2017-06-12,23877,INE021A01026
196,ASIANPAINT,EQ,1140.4,1145.0,1131.0,1135.6,1131.2,1141.3,483362,549294459.05,2017-08-24,19756,INE021A01026
197,ASIANPAINT,EQ,1146.35,1174.0,1144.3,1168.55,1171.0,1153.35,1131097,1313843458.25,2017-08-31,34310,INE021A01026
198,ASIANPAINT,EQ,1197.8,1197.8,1170.0,1179.65,1175.0,1197.15,523048,617746049.5,2017-10-18,15409,INE021A01026
199,ASIANPAINT,EQ,1156.0,1166.95,1154.0,1163.0,1164.0,1158.6,316767,368281932.2,2017-10-10,16277,INE021A01026
200,ASIANPAINT,EQ,1149.65,1161.5,1147.6,1153.25,1152.85,1154.05,327057,377742860.0,2017-10-05,14831,INE021A01026
201,ASIANPAINT,EQ,1136.55,1153.0,1136.05,1148.8,1153.0,1134.0,1033335,1183629258.85,2017-07-27,26754,INE021A01026
202,ASIANPAINT,EQ,926.5,940.6,921.5,934.65,933.0,923.6,1236472,1149902500.95,2017-01-11,40105,INE021A01026
203,ASIANPAINT,EQ,901.9,914.5,897.0,906.6,906.7,896.6,1408241,1277252465.05,2017-01-04,39742,INE021A01026
204,ASIANPAINT,EQ,1030.55,1032.6,1020.5,1023.95,1023.0,1029.4,429279,439662926.45,2017-03-07,19046,INE021A01026
205,ASIANPAINT,EQ,1134.0,1144.8,1126.0,1134.0,1136.55,1150.1,1973462,2235496619.45,2017-07-26,57793,INE021A01026
206,ASIANPAINT,EQ,1154.0,1167.1,1147.55,1154.05,1154.1,1148.8,626750,726760616.3,2017-10-04,19989,INE021A01026
207,ASIANPAINT,EQ,1170.0,1175.75,1155.0,1160.6,1155.5,1163.0,602214,702110437.45,2017-10-11,22992,INE021A01026
208,ASIANPAINT,EQ,913.9,919.9,901.5,916.5,916.2,906.6,2569365,2334771912.45,2017-01-05,55520,INE021A01026
209,ASIANPAINT,EQ,915.0,929.0,907.95,923.6,925.05,910.1,1735052,1592801844.85,2017-01-10,40137,INE021A01026
210,ASIANPAINT,EQ,1020.0,1033.8,1016.0,1029.4,1027.2,1013.7,559268,574548283.3,2017-03-06,23238,INE021A01026
211,ASIANPAINT,EQ,1125.0,1150.0,1125.0,1146.55,1150.0,1132.45,460152,525823543.0,2017-05-29,18073,INE021A01026
212,ASIANPAINT,EQ,1205.15,1213.45,1192.0,1196.95,1201.0,1213.25,917093,1100814597.5,2017-09-25,57452,INE021A01026
213,ASIANPAINT,EQ,1078.4,1089.0,1071.5,1086.9,1084.4,1082.55,690411,744984114.55,2017-04-06,22104,INE021A01026
214,ASIANPAINT,EQ,1070.45,1081.4,1066.15,1078.3,1074.0,1070.45,328677,353269674.25,2017-04-13,18915,INE021A01026
215,ASIANPAINT,EQ,960.15,972.45,960.0,963.35,960.0,960.15,1216887,1176523921.55,2017-01-18,39253,INE021A01026
216,ASIANPAINT,EQ,1175.0,1183.25,1171.15,1178.5,1176.6,1179.65,77085,90820577.05,2017-10-19,2661,INE021A01026
217,ASIANPAINT,EQ,1149.9,1160.35,1144.3,1153.35,1154.0,1151.7,674280,778574260.05,2017-08-30,26060,INE021A01026
218,ASIANPAINT,EQ,1184.0,1189.5,1168.85,1174.95,1174.95,1178.6,363501,429183055.0,2017-11-13,24426,INE021A01026
219,ASIANPAINT,EQ,1168.0,1173.1,1155.0,1162.35,1159.95,1172.45,314729,366170592.65,2017-11-06,14188,INE021A01026
220,ASIANPAINT,EQ,1151.2,1154.25,1142.25,1149.7,1148.0,1150.7,855507,983528294.8,2017-06-13,31829,INE021A01026
221,ASIANPAINT,EQ,1162.15,1165.3,1141.05,1153.15,1155.0,1161.55,787798,905985417.65,2017-06-06,30990,INE021A01026
222,ASIANPAINT,EQ,990.1,1004.95,985.5,992.5,991.45,985.9,744278,741876470.2,2017-02-06,20884,INE021A01026
223,ASIANPAINT,EQ,995.0,1000.0,981.5,984.75,984.3,993.05,643641,636955743.85,2017-02-13,31141,INE021A01026
224,ASIANPAINT,EQ,1181.0,1185.0,1166.0,1171.05,1169.0,1174.25,689380,808196263.05,2017-10-16,30160,INE021A01026
225,ASIANPAINT,EQ,1141.3,1160.0,1135.5,1148.8,1152.0,1131.7,834092,957372442.75,2017-10-03,25190,INE021A01026
226,ASIANPAINT,EQ,1149.0,1149.5,1130.95,1137.7,1137.5,1137.15,459494,522610904.4,2017-12-19,19164,INE021A01026
227,ASIANPAINT,EQ,1156.0,1172.5,1148.0,1156.1,1156.05,1155.55,2017663,2342664994.85,2017-07-21,50781,INE021A01026
228,ASIANPAINT,EQ,1145.0,1157.6,1132.15,1155.75,1155.25,1143.3,559008,640404592.8,2017-06-09,21138,INE021A01026
229,ASIANPAINT,EQ,1177.85,1198.45,1173.6,1195.6,1196.5,1172.2,884722,1053557770.4,2017-11-09,42043,INE021A01026
230,ASIANPAINT,EQ,999.0,1005.0,991.0,1002.85,1003.0,997.7,493191,492413225.55,2017-02-09,23813,INE021A01026
231,ASIANPAINT,EQ,1218.05,1230.2,1204.9,1213.25,1215.0,1229.1,896125,1089227920.25,2017-09-22,21203,INE021A01026
232,ASIANPAINT,EQ,1030.0,1040.0,1026.05,1032.75,1032.0,1024.2,1124115,1161519353.85,2017-03-01,67503,INE021A01026
233,ASIANPAINT,EQ,1049.8,1077.8,1040.6,1071.4,1066.2,1030.25,1640301,1740207729.3,2017-03-14,66285,INE021A01026
234,ASIANPAINT,EQ,940.0,963.5,937.0,960.15,958.45,935.25,1742445,1656221918.2,2017-01-17,49222,INE021A01026
235,ASIANPAINT,EQ,893.0,907.5,882.25,904.65,905.1,891.05,1031421,926389922.35,2017-01-02,20633,INE021A01026
236,ASIANPAINT,EQ,1028.5,1040.8,1025.0,1031.1,1030.55,1022.55,827512,855676893.0,2017-03-09,31730,INE021A01026
237,ASIANPAINT,EQ,1124.95,1148.8,1124.0,1132.45,1131.1,1113.2,915210,1039852090.05,2017-05-26,26431,INE021A01026
238,ASIANPAINT,EQ,988.0,988.05,970.0,980.8,982.0,984.75,604108,590779493.1,2017-02-14,35677,INE021A01026
239,ASIANPAINT,EQ,970.7,1001.05,970.2,991.0,988.95,970.7,1241463,1226458892.75,2017-02-01,38109,INE021A01026
240,ASIANPAINT,EQ,1150.0,1162.0,1133.1,1160.45,1160.45,1151.2,578030,663277562.8,2017-06-01,30430,INE021A01026
241,ASIANPAINT,EQ,1151.0,1152.85,1126.25,1149.6,1150.0,1149.7,931530,1061685221.55,2017-06-14,45149,INE021A01026
242,ASIANPAINT,EQ,1185.0,1188.55,1174.0,1175.95,1176.4,1180.85,260543,307394972.7,2017-11-01,11358,INE021A01026
243,ASIANPAINT,EQ,1174.95,1176.0,1152.4,1155.05,1155.0,1174.95,547558,634166188.05,2017-11-14,28064,INE021A01026
244,ASIANPAINT,EQ,1140.1,1142.6,1125.95,1129.45,1126.0,1134.45,568911,643189735.6,2017-08-22,15679,INE021A01026
245,ASIANPAINT,EQ,1145.45,1145.45,1117.0,1121.0,1124.5,1133.75,455769,512592202.15,2017-12-04,26478,INE021A01026
246,ASIANPAINT,EQ,1142.0,1142.7,1123.4,1125.85,1127.5,1135.5,551772,622727910.95,2017-12-11,24798,INE021A01026
247,ASIANPAINT,EQ,890.0,895.0,885.1,889.15,885.7,885.8,702226,626057535.1,2016-04-21,32842,INE021A01026
248,ASIANPAINT,EQ,928.75,948.0,927.6,943.65,944.3,928.8,2285317,2144762583.5,2016-05-13,86369,INE021A01026
249,ASIANPAINT,EQ,863.95,890.0,861.5,889.05,889.45,867.05,1249025,1099398955.3,2016-05-06,40411,INE021A01026
250,ASIANPAINT,EQ,847.4,860.0,845.0,856.1,858.0,845.4,1101097,939426129.5,2016-03-29,35997,INE021A01026
251,ASIANPAINT,EQ,1115.0,1127.7,1108.15,1113.55,1114.9,1129.65,742834,829755303.9,2016-08-17,67049,INE021A01026
252,ASIANPAINT,EQ,1129.7,1142.5,1118.65,1123.35,1126.0,1120.9,832931,940604012.0,2016-08-02,31560,INE021A01026
253,ASIANPAINT,EQ,918.0,918.0,891.75,900.0,901.2,908.2,1639425,1480089994.4,2016-11-21,78481,INE021A01026
254,ASIANPAINT,EQ,990.0,991.0,977.2,982.05,982.95,991.5,712870,699939078.25,2016-06-21,28877,INE021A01026
255,ASIANPAINT,EQ,864.1,868.95,841.6,846.1,847.95,862.55,890886,760221754.0,2016-02-29,38383,INE021A01026
256,ASIANPAINT,EQ,940.4,967.0,935.2,958.55,958.0,936.1,2507536,2392006734.85,2016-11-29,78048,INE021A01026
257,ASIANPAINT,EQ,978.25,999.3,978.25,994.2,993.4,980.2,711457,707098448.7,2016-06-29,26883,INE021A01026
258,ASIANPAINT,EQ,1002.8,1011.1,995.45,1002.5,998.1,1003.3,1314022,1317016832.0,2016-07-01,30597,INE021A01026
259,ASIANPAINT,EQ,1010.2,1025.5,1009.0,1017.6,1016.65,1009.5,754274,768720901.55,2016-07-14,31031,INE021A01026
260,ASIANPAINT,EQ,853.0,873.4,849.2,869.95,870.0,844.45,1774017,1530940859.5,2016-01-22,42547,INE021A01026
261,ASIANPAINT,EQ,873.25,875.0,852.4,859.65,858.2,875.35,1484160,1272367074.05,2016-03-21,119172,INE021A01026
262,ASIANPAINT,EQ,873.0,876.0,861.65,866.25,868.0,873.1,955985,828532068.65,2016-04-29,31563,INE021A01026
263,ASIANPAINT,EQ,1158.95,1172.0,1151.3,1167.55,1164.55,1156.95,710106,827563807.0,2016-09-02,28373,INE021A01026
264,ASIANPAINT,EQ,864.2,880.0,859.05,876.9,878.5,861.75,694778,606861286.35,2016-04-26,27351,INE021A01026
265,ASIANPAINT,EQ,868.0,874.0,854.2,862.55,864.0,861.7,536753,463259215.85,2016-02-26,40435,INE021A01026
266,ASIANPAINT,EQ,1131.0,1145.3,1128.75,1143.35,1140.9,1127.3,543090,617260766.0,2016-08-05,20318,INE021A01026
267,ASIANPAINT,EQ,1142.1,1148.45,1128.1,1129.95,1132.0,1146.5,788849,897133394.2,2016-08-10,24271,INE021A01026
268,ASIANPAINT,EQ,875.0,885.0,861.5,874.0,874.0,870.3,1325637,1161112767.6,2016-12-23,43885,INE021A01026
269,ASIANPAINT,EQ,1161.15,1162.0,1124.1,1127.5,1130.0,1153.5,1287073,1459570636.0,2016-10-24,57422,INE021A01026
270,ASIANPAINT,EQ,1119.75,1119.75,1102.55,1107.35,1105.1,1113.55,1263890,1401324251.15,2016-08-18,73227,INE021A01026
271,ASIANPAINT,EQ,1029.0,1029.0,1006.45,1009.5,1007.0,1020.45,1319911,1339190731.8,2016-07-13,36506,INE021A01026
272,ASIANPAINT,EQ,894.95,913.9,893.65,906.6,903.9,889.05,1355429,1227932506.25,2016-05-09,43126,INE021A01026
273,ASIANPAINT,EQ,870.0,882.0,868.15,878.6,879.45,869.95,1794107,1577269433.2,2016-01-25,48011,INE021A01026
274,ASIANPAINT,EQ,989.35,997.0,985.0,987.7,985.6,985.1,757053,750310237.45,2016-07-07,28190,INE021A01026
275,ASIANPAINT,EQ,1028.8,1037.9,1016.8,1020.45,1021.0,1026.8,1259777,1292523224.9,2016-07-12,25070,INE021A01026
276,ASIANPAINT,EQ,1101.35,1126.9,1101.35,1113.5,1115.7,1107.35,864966,964637312.5,2016-08-19,30843,INE021A01026
277,ASIANPAINT,EQ,1131.95,1158.3,1117.1,1139.75,1153.15,1127.5,3014876,3416377761.2,2016-10-25,99461,INE021A01026
278,ASIANPAINT,EQ,1080.0,1085.0,1070.0,1075.75,1076.0,1069.9,149226,160626843.35,2016-10-30,4095,INE021A01026
279,ASIANPAINT,EQ,1157.2,1172.0,1157.2,1163.6,1161.0,1155.15,550698,642529283.05,2016-09-19,33040,INE021A01026
280,ASIANPAINT,EQ,875.7,891.0,871.0,889.85,888.25,876.9,553126,489495599.9,2016-04-27,30399,INE021A01026
281,ASIANPAINT,EQ,865.55,874.3,851.1,870.3,872.65,865.55,1472349,1267603778.75,2016-12-22,59804,INE021A01026
282,ASIANPAINT,EQ,1130.0,1147.5,1118.6,1145.1,1146.0,1129.95,651399,738094417.0,2016-08-11,36883,INE021A01026
283,ASIANPAINT,EQ,1152.05,1154.6,1116.7,1127.3,1126.05,1143.4,1075876,1221390797.85,2016-08-04,36191,INE021A01026
284,ASIANPAINT,EQ,970.25,992.95,970.25,974.3,975.3,989.55,662651,649251339.0,2016-06-27,28554,INE021A01026
285,ASIANPAINT,EQ,1018.2,1031.5,1018.2,1025.9,1025.7,1017.6,671924,689259885.55,2016-07-15,23417,INE021A01026
286,ASIANPAINT,EQ,950.0,968.65,933.5,936.1,937.0,945.45,1335539,1265620054.35,2016-11-28,71407,INE021A01026
287,ASIANPAINT,EQ,981.0,985.0,975.35,980.2,981.0,974.3,822749,806524644.95,2016-06-28,20972,INE021A01026
288,ASIANPAINT,EQ,889.85,894.5,870.0,873.1,879.65,889.85,1013142,890925641.65,2016-04-28,35664,INE021A01026
289,ASIANPAINT,EQ,1173.6,1181.25,1152.0,1155.15,1157.0,1173.55,1136226,1323053577.95,2016-09-16,51487,INE021A01026
290,ASIANPAINT,EQ,850.0,857.45,842.7,845.4,843.2,850.0,1722071,1460580614.4,2016-03-28,54007,INE021A01026
291,ASIANPAINT,EQ,920.0,933.9,917.2,928.8,929.05,907.85,2382775,2207639640.15,2016-05-12,81152,INE021A01026
292,ASIANPAINT,EQ,885.0,887.75,875.25,885.8,886.0,885.2,778272,686524462.0,2016-04-20,47564,INE021A01026
293,ASIANPAINT,EQ,994.95,997.0,986.25,991.5,993.0,999.6,627622,621265820.15,2016-06-20,35318,INE021A01026
294,ASIANPAINT,EQ,992.9,1013.9,988.15,1010.7,1010.55,987.7,1200518,1209503301.9,2016-07-08,39679,INE021A01026
295,ASIANPAINT,EQ,1132.45,1147.15,1124.05,1143.4,1145.0,1123.35,1130691,1287237766.5,2016-08-03,44398,INE021A01026
296,ASIANPAINT,EQ,1135.5,1147.8,1126.9,1129.65,1129.8,1137.5,921462,1047221104.55,2016-08-16,55486,INE021A01026
297,ASIANPAINT,EQ,884.95,895.0,882.5,891.05,890.5,880.05,935476,833230707.05,2016-12-30,33088,INE021A01026
298,ASIANPAINT,EQ,969.0,971.0,952.45,963.25,965.0,969.65,1273835,1221028776.15,2016-05-18,51107,INE021A01026
299,ASIANPAINT,EQ,860.0,860.0,846.05,853.35,852.5,859.65,1746522,1488740679.65,2016-03-22,85451,INE021A01026
300,ASIANPAINT,EQ,850.0,856.0,841.0,844.45,845.95,840.35,1138753,966016313.85,2016-01-21,51087,INE021A01026
301,ASIANPAINT,EQ,1150.1,1178.95,1150.1,1163.6,1165.0,1154.6,704633,823266108.15,2016-09-14,41248,INE021A01026
302,ASIANPAINT,EQ,1159.85,1164.05,1142.0,1156.95,1160.95,1157.9,621894,716767199.65,2016-09-01,36809,INE021A01026
303,ASIANPAINT,EQ,1153.6,1154.95,1134.0,1146.5,1143.9,1148.35,541100,618166634.5,2016-08-09,26310,INE021A01026
304,ASIANPAINT,EQ,1175.0,1177.0,1163.25,1165.75,1165.25,1169.3,448785,524839586.2,2016-10-20,20653,INE021A01026
305,ASIANPAINT,EQ,1081.0,1096.95,1066.05,1069.9,1070.1,1085.45,1732990,1865080092.15,2016-10-28,53609,INE021A01026
306,ASIANPAINT,EQ,1119.6,1134.0,1115.05,1120.9,1120.85,1114.15,864041,970650732.45,2016-08-01,39658,INE021A01026
307,ASIANPAINT,EQ,871.9,877.8,863.4,876.0,875.0,867.8,846898,738127715.35,2016-12-27,28927,INE021A01026
308,ASIANPAINT,EQ,980.0,989.45,978.5,985.45,985.0,982.05,507154,499545493.35,2016-06-22,18660,INE021A01026
309,ASIANPAINT,EQ,908.0,912.95,895.0,907.75,912.95,900.0,1678288,1514591830.8,2016-11-22,55516,INE021A01026
310,ASIANPAINT,EQ,856.0,873.2,854.0,870.85,872.15,854.7,609601,527860760.9,2016-02-22,41336,INE021A01026
311,ASIANPAINT,EQ,1181.9,1181.9,1168.0,1171.75,1168.2,1182.6,575102,675090615.7,2016-09-09,46935,INE021A01026
312,ASIANPAINT,EQ,885.7,893.7,869.4,871.55,870.0,889.15,692414,606392785.3,2016-04-22,20855,INE021A01026
313,ASIANPAINT,EQ,864.0,875.0,859.0,869.9,872.2,858.95,1320575,1147324317.35,2016-01-29,40752,INE021A01026
314,ASIANPAINT,EQ,874.1,875.45,862.45,867.05,865.0,873.6,402567,349716518.35,2016-05-05,27564,INE021A01026
315,ASIANPAINT,EQ,904.95,908.25,893.45,898.35,897.4,906.6,1034271,932303280.55,2016-05-10,38965,INE021A01026
316,ASIANPAINT,EQ,1175.0,1213.9,1170.6,1204.15,1212.0,1167.55,1131704,1349821735.6,2016-09-06,42833,INE021A01026
317,ASIANPAINT,EQ,864.0,885.0,861.85,881.85,879.9,856.1,1470782,1282301387.85,2016-03-30,75600,INE021A01026
318,ASIANPAINT,EQ,1133.0,1134.4,1081.0,1085.45,1085.0,1123.1,1764517,1923977574.25,2016-10-27,49435,INE021A01026
319,ASIANPAINT,EQ,876.0,890.0,869.55,875.7,875.4,876.0,1093720,965223652.55,2016-12-28,30781,INE021A01026
320,ASIANPAINT,EQ,1003.0,1004.85,983.35,985.1,984.5,1000.4,523870,518280472.25,2016-07-05,18099,INE021A01026
321,ASIANPAINT,EQ,880.5,884.9,858.7,861.7,862.55,881.8,1326303,1153251585.85,2016-02-25,51126,INE021A01026
322,ASIANPAINT,EQ,1027.1,1044.9,1025.25,1028.5,1029.95,1025.9,721547,747840135.6,2016-07-18,19336,INE021A01026
323,ASIANPAINT,EQ,967.95,974.9,952.55,969.9,965.85,958.55,4460941,4322120597.7,2016-11-30,102145,INE021A01026
324,ASIANPAINT,EQ,943.9,953.3,938.8,945.45,944.05,936.1,1460489,1382400638.9,2016-11-25,57069,INE021A01026
325,ASIANPAINT,EQ,1004.85,1009.0,996.05,1003.3,997.5,994.2,1039352,1042594914.95,2016-06-30,29048,INE021A01026
326,ASIANPAINT,EQ,875.5,882.0,860.05,865.7,867.5,878.4,1811388,1575179274.45,2016-12-20,63850,INE021A01026
327,ASIANPAINT,EQ,953.5,972.0,947.75,969.65,970.3,952.65,1770437,1706954209.7,2016-05-17,53085,INE021A01026
328,ASIANPAINT,EQ,864.0,867.5,860.65,864.8,865.0,866.25,199724,172590495.75,2016-05-02,12118,INE021A01026
329,ASIANPAINT,EQ,870.4,870.4,856.0,861.75,865.8,871.55,587700,505419312.2,2016-04-25,37237,INE021A01026
330,ASIANPAINT,EQ,1143.0,1161.25,1125.4,1137.5,1137.1,1145.1,795382,908808517.7,2016-08-12,36285,INE021A01026
331,ASIANPAINT,EQ,867.2,876.5,861.55,865.55,865.0,865.7,1321988,1150955977.6,2016-12-21,40495,INE021A01026
332,ASIANPAINT,EQ,938.25,965.75,932.05,936.1,935.0,942.05,2908165,2757201523.0,2016-11-24,88714,INE021A01026
333,ASIANPAINT,EQ,974.1,993.0,963.6,989.55,990.0,984.1,777600,760039541.4,2016-06-24,31010,INE021A01026
334,ASIANPAINT,EQ,1031.0,1037.5,1021.2,1030.7,1028.05,1028.5,541334,557631807.55,2016-07-19,22652,INE021A01026
335,ASIANPAINT,EQ,879.0,885.75,875.0,881.8,880.8,877.1,1289097,1135830380.4,2016-02-24,72151,INE021A01026
336,ASIANPAINT,EQ,869.5,886.9,865.4,872.0,873.9,864.8,1073196,942039744.3,2016-05-03,34707,INE021A01026
337,ASIANPAINT,EQ,948.95,957.8,945.0,952.65,953.5,943.65,1913343,1821151650.35,2016-05-16,46755,INE021A01026
338,ASIANPAINT,EQ,880.0,881.8,855.15,858.55,859.0,878.6,969509,837778988.3,2016-01-27,37122,INE021A01026
339,ASIANPAINT,EQ,880.5,884.25,865.1,868.4,872.0,881.85,1682214,1463304649.35,2016-03-31,42120,INE021A01026
340,ASIANPAINT,EQ,1156.35,1163.0,1137.0,1154.6,1155.0,1171.75,465079,536750151.2,2016-09-12,27396,INE021A01026
341,ASIANPAINT,EQ,1208.0,1209.0,1170.7,1177.2,1178.5,1204.15,1092266,1288877336.65,2016-09-07,69578,INE021A01026
342,ASIANPAINT,EQ,1020.0,1033.0,1017.85,1026.8,1024.05,1010.7,1082293,1112575880.4,2016-07-11,30308,INE021A01026
343,ASIANPAINT,EQ,1008.0,1017.05,998.2,1000.4,999.0,1002.5,884699,891894332.65,2016-07-04,28821,INE021A01026
344,ASIANPAINT,EQ,879.0,887.0,877.0,880.05,880.0,875.7,1203203,1060527014.55,2016-12-29,41840,INE021A01026
345,ASIANPAINT,EQ,1153.3,1157.0,1113.9,1123.1,1119.55,1139.75,1323248,1485420714.55,2016-10-26,59133,INE021A01026
346,ASIANPAINT,EQ,871.0,879.9,866.15,877.1,874.3,870.85,1438921,1256620586.3,2016-02-23,77345,INE021A01026
347,ASIANPAINT,EQ,986.1,990.0,980.3,984.1,983.0,985.45,678141,667420747.5,2016-06-23,33992,INE021A01026
348,ASIANPAINT,EQ,915.9,946.4,912.0,942.05,940.0,907.75,2371811,2217821716.45,2016-11-23,58078,INE021A01026
349,ASIANPAINT,EQ,874.0,885.0,860.0,867.8,866.0,874.0,1313467,1146767611.4,2016-12-26,45920,INE021A01026
350,ASIANPAINT,EQ,892.0,919.0,887.5,907.85,912.5,898.35,2228431,2017542098.6,2016-05-11,50920,INE021A01026
351,ASIANPAINT,EQ,872.0,879.0,864.0,873.6,872.45,872.0,469904,410533521.3,2016-05-04,24444,INE021A01026
352,ASIANPAINT,EQ,854.0,865.0,852.15,858.95,857.1,858.55,1392051,1195847638.4,2016-01-28,33365,INE021A01026
353,ASIANPAINT,EQ,1179.0,1190.0,1171.0,1182.6,1180.0,1177.2,888245,1047376514.05,2016-09-08,44034,INE021A01026
354,ASIANPAINT,EQ,1170.0,1175.5,1160.0,1173.55,1173.7,1163.6,616127,720362790.55,2016-09-15,26879,INE021A01026
355,ASIANPAINT,EQ,853.35,856.9,846.25,850.0,849.5,853.35,917099,780279340.8,2016-03-23,48887,INE021A01026
356,ASIANPAINT,EQ,834.0,856.0,830.0,840.35,835.5,845.55,2247202,1893415233.85,2016-01-20,53390,INE021A01026
357,ASIANPAINT,EQ,968.85,968.85,952.05,956.8,955.0,963.25,1251713,1198290294.95,2016-05-19,43537,INE021A01026
358,ASIANPAINT,EQ,1172.9,1172.9,1144.4,1153.5,1153.7,1165.75,948987,1094678100.9,2016-10-21,50350,INE021A01026
359,ASIANPAINT,EQ,1153.0,1153.0,1136.0,1148.35,1148.0,1143.35,407801,466051557.1,2016-08-08,25727,INE021A01026
360,ASIANPAINT,EQ,936.0,948.5,928.2,932.2,935.5,934.15,809152,759962896.85,2016-12-07,30689,INE021A01026
361,ASIANPAINT,EQ,931.3,937.15,909.0,910.25,911.0,941.75,1531811,1409529191.2,2016-12-12,111769,INE021A01026
362,ASIANPAINT,EQ,844.0,858.95,827.1,856.0,855.5,840.3,1171983,983688005.8,2016-02-17,67745,INE021A01026
363,ASIANPAINT,EQ,889.9,894.75,878.0,882.5,880.85,887.4,920875,814639582.5,2016-02-02,40334,INE021A01026
364,ASIANPAINT,EQ,1007.0,1029.0,996.55,1024.05,1026.0,1021.7,2420319,2465518281.15,2016-06-02,65328,INE021A01026
365,ASIANPAINT,EQ,1010.0,1014.85,994.0,999.6,999.75,1006.55,365441,366514706.65,2016-06-17,23008,INE021A01026
366,ASIANPAINT,EQ,1067.9,1083.35,1055.35,1062.75,1060.0,1076.7,872573,933321330.5,2016-11-02,41941,INE021A01026
367,ASIANPAINT,EQ,946.0,947.15,917.0,918.45,918.1,935.7,1310176,1211791587.6,2016-11-17,52750,INE021A01026
368,ASIANPAINT,EQ,963.15,985.0,962.8,982.25,982.05,956.25,815313,795046131.4,2016-05-25,44233,INE021A01026
369,ASIANPAINT,EQ,994.0,1004.25,978.45,984.9,988.0,998.25,1487177,1470024566.75,2016-05-30,30604,INE021A01026
370,ASIANPAINT,EQ,1194.35,1203.35,1160.0,1167.35,1185.0,1193.5,1125599,1323133370.95,2016-09-29,32981,INE021A01026
371,ASIANPAINT,EQ,1165.9,1176.0,1165.9,1170.6,1170.0,1165.05,615798,721297195.8,2016-09-21,43647,INE021A01026
372,ASIANPAINT,EQ,876.0,880.95,866.5,871.85,871.6,871.95,808137,706659370.2,2016-03-02,39952,INE021A01026
373,ASIANPAINT,EQ,870.0,876.0,865.1,872.55,872.4,864.9,965277,840849097.6,2016-03-17,57379,INE021A01026
374,ASIANPAINT,EQ,863.5,897.0,851.1,889.4,889.65,868.55,2296682,2013970065.3,2016-01-14,56010,INE021A01026
375,ASIANPAINT,EQ,882.0,885.6,876.9,878.75,879.7,883.55,294006,258901853.25,2016-01-01,7988,INE021A01026
376,ASIANPAINT,EQ,1047.85,1054.0,1042.05,1047.05,1047.0,1042.7,502766,526873647.75,2016-07-22,18071,INE021A01026
377,ASIANPAINT,EQ,1123.3,1124.65,1104.15,1111.85,1108.55,1123.3,452947,503171260.15,2016-08-29,22356,INE021A01026
378,ASIANPAINT,EQ,1056.0,1060.0,1008.0,1011.3,1010.25,1050.95,1719037,1765013593.5,2016-11-10,58652,INE021A01026
379,ASIANPAINT,EQ,994.95,999.0,989.6,992.05,993.45,998.8,1313970,1306023751.5,2016-06-10,17080,INE021A01026
380,ASIANPAINT,EQ,889.0,903.45,886.4,899.25,897.6,889.35,1739178,1560165088.8,2016-02-05,50547,INE021A01026
381,ASIANPAINT,EQ,888.5,889.0,866.5,876.55,877.0,884.2,707101,619434498.4,2016-02-10,23729,INE021A01026
382,ASIANPAINT,EQ,909.65,916.75,901.7,903.0,903.0,914.35,958978,870213616.4,2016-12-15,30946,INE021A01026
383,ASIANPAINT,EQ,1106.25,1127.55,1091.05,1123.3,1123.0,1105.9,869672,962594283.05,2016-08-26,32355,INE021A01026
384,ASIANPAINT,EQ,885.4,885.4,862.0,869.85,865.5,886.15,762479,664783921.6,2016-04-05,31026,INE021A01026
385,ASIANPAINT,EQ,871.0,877.9,859.95,875.35,876.6,872.55,1072444,932520520.1,2016-03-18,26551,INE021A01026
386,ASIANPAINT,EQ,904.5,911.9,884.0,886.4,885.3,900.65,1716479,1539872722.9,2016-01-06,51374,INE021A01026
387,ASIANPAINT,EQ,879.95,883.5,850.05,868.55,869.8,872.9,901426,783222033.4,2016-01-13,38489,INE021A01026
388,ASIANPAINT,EQ,870.0,896.0,870.0,894.75,895.0,876.2,810951,719190518.55,2016-03-10,42271,INE021A01026
389,ASIANPAINT,EQ,884.25,886.55,875.0,885.2,882.45,874.35,685762,604570897.7,2016-04-18,35700,INE021A01026
390,ASIANPAINT,EQ,1195.0,1195.0,1174.9,1183.0,1181.5,1191.2,817715,965858761.8,2016-09-26,26415,INE021A01026
391,ASIANPAINT,EQ,941.95,947.55,929.8,936.15,937.65,932.2,1024529,960592859.85,2016-12-08,56690,INE021A01026
392,ASIANPAINT,EQ,1208.0,1210.0,1180.8,1184.6,1183.0,1209.5,873434,1040081684.5,2016-10-07,37252,INE021A01026
393,ASIANPAINT,EQ,862.0,863.8,830.6,835.25,835.0,856.0,997874,838547451.6,2016-02-18,36496,INE021A01026
394,ASIANPAINT,EQ,925.9,928.95,899.85,908.2,900.0,918.45,1335202,1222012425.7,2016-11-18,58937,INE021A01026
395,ASIANPAINT,EQ,1049.3,1074.4,1047.15,1070.65,1072.0,1047.05,734354,778018184.25,2016-07-25,30168,INE021A01026
396,ASIANPAINT,EQ,1184.2,1203.0,1184.2,1192.55,1195.9,1183.0,532323,635864744.5,2016-09-27,23009,INE021A01026
397,ASIANPAINT,EQ,882.0,885.5,870.2,872.9,872.4,873.85,998419,873124973.85,2016-01-12,41484,INE021A01026
398,ASIANPAINT,EQ,883.0,891.55,869.0,872.35,871.1,886.4,990333,869897649.9,2016-01-07,26249,INE021A01026
399,ASIANPAINT,EQ,886.6,890.1,858.4,865.8,866.0,880.25,1039977,904469670.55,2016-03-04,41836,INE021A01026
400,ASIANPAINT,EQ,900.0,903.7,891.55,898.35,898.4,894.75,1043602,938450329.0,2016-03-11,48829,INE021A01026
401,ASIANPAINT,EQ,834.95,856.9,829.0,854.7,856.8,835.25,799360,676422929.55,2016-02-19,43918,INE021A01026
402,ASIANPAINT,EQ,1227.0,1227.3,1208.85,1216.6,1214.0,1212.65,1391322,1691569043.85,2016-10-13,73168,INE021A01026
403,ASIANPAINT,EQ,1210.1,1222.4,1201.7,1209.5,1210.0,1208.75,746006,906029554.1,2016-10-06,45096,INE021A01026
404,ASIANPAINT,EQ,942.0,953.95,935.05,941.75,940.0,936.15,1600112,1507837046.05,2016-12-09,65882,INE021A01026
405,ASIANPAINT,EQ,967.0,968.0,936.0,939.15,940.0,969.9,1517103,1431629195.85,2016-12-01,62376,INE021A01026
406,ASIANPAINT,EQ,908.0,923.2,908.0,914.35,914.35,906.75,944657,866430920.85,2016-12-14,32349,INE021A01026
407,ASIANPAINT,EQ,874.75,874.75,852.0,855.7,856.2,876.55,1004015,864907419.95,2016-02-11,53028,INE021A01026
408,ASIANPAINT,EQ,865.0,895.95,865.0,889.35,887.0,863.7,1658831,1470845286.65,2016-02-04,55548,INE021A01026
409,ASIANPAINT,EQ,1039.2,1054.8,1035.1,1043.05,1042.15,1037.15,976222,1020400384.8,2016-11-04,42934,INE021A01026
410,ASIANPAINT,EQ,1000.0,1004.95,958.0,962.3,969.0,1011.3,2665967,2593300737.55,2016-11-11,88176,INE021A01026
411,ASIANPAINT,EQ,959.9,960.0,943.65,946.6,949.0,956.0,726047,689907602.55,2016-05-23,46256,INE021A01026
412,ASIANPAINT,EQ,850.0,861.9,842.75,860.0,861.0,851.55,651373,555643736.45,2016-04-11,27104,INE021A01026
413,ASIANPAINT,EQ,874.0,888.5,865.25,886.15,884.95,870.0,662760,581006289.1,2016-04-04,30090,INE021A01026
414,ASIANPAINT,EQ,880.3,882.0,862.1,864.9,865.95,884.6,1456263,1262407195.25,2016-03-16,52770,INE021A01026
415,ASIANPAINT,EQ,874.4,896.5,871.75,880.25,878.2,871.85,1061326,937855031.85,2016-03-03,49649,INE021A01026
416,ASIANPAINT,EQ,893.0,894.95,874.3,879.25,882.3,889.4,1301590,1150063630.55,2016-01-15,41299,INE021A01026
417,ASIANPAINT,EQ,1164.0,1173.7,1162.6,1165.05,1163.3,1163.6,966451,1129431830.55,2016-09-20,30753,INE021A01026
418,ASIANPAINT,EQ,1216.1,1220.0,1202.25,1205.75,1205.0,1216.6,354200,428471348.2,2016-10-14,18491,INE021A01026
419,ASIANPAINT,EQ,993.75,1009.0,986.2,1006.55,1005.5,998.4,740810,740095163.3,2016-06-16,26060,INE021A01026
420,ASIANPAINT,EQ,1023.5,1032.1,1013.5,1025.3,1020.0,1024.05,2045789,2095159590.8,2016-06-03,69367,INE021A01026
421,ASIANPAINT,EQ,917.5,945.9,903.0,935.7,940.0,890.8,3032067,2809518468.15,2016-11-16,72228,INE021A01026
422,ASIANPAINT,EQ,1058.3,1075.0,1033.45,1037.15,1033.7,1062.75,1075107,1124082661.75,2016-11-03,39037,INE021A01026
423,ASIANPAINT,EQ,876.2,883.95,859.05,863.7,862.0,882.5,540771,471885224.35,2016-02-03,29175,INE021A01026
424,ASIANPAINT,EQ,855.05,860.15,836.1,840.3,839.2,858.7,985215,832364378.1,2016-02-16,57199,INE021A01026
425,ASIANPAINT,EQ,915.0,915.0,895.0,906.75,907.5,910.25,1572248,1419002129.65,2016-12-13,42778,INE021A01026
426,ASIANPAINT,EQ,940.9,944.7,924.15,934.15,934.5,937.65,889147,830378042.4,2016-12-06,29675,INE021A01026
427,ASIANPAINT,EQ,1193.0,1201.0,1188.1,1193.5,1193.5,1192.55,566690,676641620.45,2016-09-28,18339,INE021A01026
428,ASIANPAINT,EQ,988.0,995.5,980.7,984.85,988.0,984.9,1151373,1135475696.9,2016-05-31,44186,INE021A01026
429,ASIANPAINT,EQ,952.4,962.4,941.7,956.25,959.95,946.6,490332,465530026.1,2016-05-24,22554,INE021A01026
430,ASIANPAINT,EQ,879.0,881.95,866.6,874.6,874.0,872.35,886022,773930681.8,2016-01-08,37596,INE021A01026
431,ASIANPAINT,EQ,999.0,1058.1,952.0,1050.95,1055.0,1057.0,2005884,2054999448.15,2016-11-09,68000,INE021A01026
432,ASIANPAINT,EQ,1018.0,1019.0,995.7,998.8,1001.0,1018.05,1024252,1028095917.7,2016-06-09,33025,INE021A01026
433,ASIANPAINT,EQ,1029.8,1048.0,1026.55,1042.7,1041.05,1028.55,706661,734329707.2,2016-07-21,23390,INE021A01026
434,ASIANPAINT,EQ,884.9,894.3,878.5,884.2,884.8,888.6,636386,563643437.8,2016-02-09,23885,INE021A01026
435,ASIANPAINT,EQ,1170.0,1199.0,1165.4,1193.0,1197.0,1160.7,747111,884939167.8,2016-10-03,41443,INE021A01026
436,ASIANPAINT,EQ,901.4,902.0,875.1,878.4,879.0,899.9,1905631,1685795165.95,2016-12-19,50451,INE021A01026
437,ASIANPAINT,EQ,1182.3,1197.0,1175.0,1192.0,1189.0,1170.6,913747,1083062083.1,2016-09-22,34622,INE021A01026
438,ASIANPAINT,EQ,898.0,903.2,888.6,899.35,897.05,898.35,788258,707683703.9,2016-03-14,47242,INE021A01026
439,ASIANPAINT,EQ,852.6,874.65,850.0,871.95,869.3,846.1,1161059,1004608647.7,2016-03-01,45586,INE021A01026
440,ASIANPAINT,EQ,988.55,999.5,973.45,991.85,994.0,982.25,1410903,1388758283.05,2016-05-26,58474,INE021A01026
441,ASIANPAINT,EQ,876.0,888.8,869.85,876.2,875.75,875.7,1401934,1236094064.3,2016-03-09,43334,INE021A01026
442,ASIANPAINT,EQ,871.0,883.95,865.0,870.0,868.0,868.4,853331,745225781.85,2016-04-01,38495,INE021A01026
443,ASIANPAINT,EQ,1121.0,1121.0,1105.0,1113.9,1113.15,1113.5,827995,918791523.35,2016-08-22,43096,INE021A01026
444,ASIANPAINT,EQ,874.2,890.0,871.3,887.4,885.2,869.9,786217,696112066.8,2016-02-01,32872,INE021A01026
445,ASIANPAINT,EQ,1127.5,1137.7,1102.25,1114.15,1113.0,1128.0,1152956,1289792738.6,2016-07-29,49220,INE021A01026
446,ASIANPAINT,EQ,1077.1,1088.2,1072.0,1076.7,1076.5,1075.75,983171,1062172502.4,2016-11-01,73492,INE021A01026
447,ASIANPAINT,EQ,995.0,999.0,978.6,986.5,985.0,994.9,699283,689855092.3,2016-06-14,36362,INE021A01026
448,ASIANPAINT,EQ,989.05,1025.0,989.05,1021.7,1024.0,984.85,2068760,2099725232.35,2016-06-01,46332,INE021A01026
449,ASIANPAINT,EQ,1202.0,1203.0,1179.4,1192.55,1184.75,1193.0,503642,601222185.95,2016-10-04,29233,INE021A01026
450,ASIANPAINT,EQ,1072.1,1074.95,1055.0,1060.75,1062.0,1070.65,562982,597557206.4,2016-07-26,17743,INE021A01026
451,ASIANPAINT,EQ,881.3,905.0,881.3,900.65,901.4,880.8,1372748,1233761180.85,2016-01-05,52028,INE021A01026
452,ASIANPAINT,EQ,1167.0,1179.95,1156.0,1160.7,1160.0,1167.35,478253,555864946.25,2016-09-30,29959,INE021A01026
453,ASIANPAINT,EQ,870.5,876.0,866.0,874.35,874.75,866.9,692424,603380600.7,2016-04-13,27315,INE021A01026
454,ASIANPAINT,EQ,869.7,875.0,860.65,863.3,863.75,869.85,451307,391254506.45,2016-04-06,32336,INE021A01026
455,ASIANPAINT,EQ,890.0,893.0,841.65,850.3,847.0,879.25,2335330,2026373104.15,2016-01-18,70265,INE021A01026
456,ASIANPAINT,EQ,1017.1,1032.35,1016.6,1026.3,1030.0,1025.3,1574228,1613345254.9,2016-06-06,30420,INE021A01026
457,ASIANPAINT,EQ,987.0,996.5,985.1,994.9,995.0,992.05,808571,801573469.65,2016-06-13,14652,INE021A01026
458,ASIANPAINT,EQ,1180.0,1184.15,1163.25,1169.3,1171.2,1174.5,1201677,1406467414.2,2016-10-19,37338,INE021A01026
459,ASIANPAINT,EQ,1120.1,1126.5,1102.8,1105.9,1105.2,1118.85,554850,616732961.95,2016-08-25,29180,INE021A01026
460,ASIANPAINT,EQ,1115.0,1148.0,1110.0,1146.2,1145.2,1111.85,674826,764487811.05,2016-08-30,29140,INE021A01026
461,ASIANPAINT,EQ,911.95,911.95,898.0,899.9,901.4,903.0,1041676,940549930.35,2016-12-16,40866,INE021A01026
462,ASIANPAINT,EQ,956.0,963.0,950.75,956.0,955.15,956.8,972841,931016942.4,2016-05-20,43907,INE021A01026
463,ASIANPAINT,EQ,867.9,868.4,826.0,845.55,846.15,850.3,2443365,2064158618.3,2016-01-19,63046,INE021A01026
464,ASIANPAINT,EQ,864.0,869.0,855.05,858.25,857.05,863.3,449770,386919073.25,2016-04-07,23157,INE021A01026
465,ASIANPAINT,EQ,861.8,870.0,859.5,866.9,865.9,860.0,433486,375354777.25,2016-04-12,26388,INE021A01026
466,ASIANPAINT,EQ,936.0,936.5,902.0,904.85,906.3,939.15,2139914,1960099316.2,2016-12-02,58064,INE021A01026
467,ASIANPAINT,EQ,1157.0,1173.9,1149.0,1157.9,1160.0,1146.2,1668417,1935467154.6,2016-08-31,61859,INE021A01026
468,ASIANPAINT,EQ,1130.0,1130.2,1115.6,1118.85,1120.55,1126.25,417969,468874968.35,2016-08-24,19894,INE021A01026
469,ASIANPAINT,EQ,1186.4,1193.35,1165.55,1174.5,1175.0,1182.3,1339044,1571485596.65,2016-10-18,52459,INE021A01026
470,ASIANPAINT,EQ,860.0,873.25,846.5,854.9,853.0,855.7,1089266,933558918.05,2016-02-12,57384,INE021A01026
471,ASIANPAINT,EQ,1025.35,1037.45,1024.6,1032.75,1031.6,1026.3,755934,779701085.3,2016-06-07,42977,INE021A01026
472,ASIANPAINT,EQ,1048.0,1059.6,1027.9,1037.35,1037.15,1043.05,829767,866100822.15,2016-11-07,36837,INE021A01026
473,ASIANPAINT,EQ,1069.9,1073.8,1052.2,1061.8,1064.0,1060.75,765267,812601578.0,2016-07-27,24233,INE021A01026
474,ASIANPAINT,EQ,1188.0,1224.0,1185.0,1208.75,1206.25,1192.55,1080751,1307806772.1,2016-10-05,35729,INE021A01026
475,ASIANPAINT,EQ,1189.0,1219.0,1189.0,1212.65,1211.0,1184.6,570180,689030892.05,2016-10-10,22870,INE021A01026
476,ASIANPAINT,EQ,876.2,892.45,871.7,880.8,880.5,878.75,709103,625403993.1,2016-01-04,28981,INE021A01026
477,ASIANPAINT,EQ,870.0,884.0,861.6,873.85,873.95,874.6,801102,700121041.65,2016-01-11,27299,INE021A01026
478,ASIANPAINT,EQ,867.9,881.8,858.05,875.7,879.0,865.8,1174011,1021728684.05,2016-03-08,79220,INE021A01026
479,ASIANPAINT,EQ,991.9,1001.8,986.45,998.25,996.75,991.85,1105534,1101383383.5,2016-05-27,32870,INE021A01026
480,ASIANPAINT,EQ,970.95,970.95,869.0,890.8,892.0,962.3,5354021,4802002337.85,2016-11-15,162791,INE021A01026
481,ASIANPAINT,EQ,986.0,1002.0,986.0,998.4,996.0,986.5,731016,727298663.75,2016-06-15,32296,INE021A01026
482,ASIANPAINT,EQ,1074.0,1153.8,1068.0,1128.0,1125.3,1061.8,5831636,6559049852.75,2016-07-28,141212,INE021A01026
483,ASIANPAINT,EQ,866.0,872.2,853.0,858.7,859.0,854.9,703958,605490976.45,2016-02-15,44380,INE021A01026
484,ASIANPAINT,EQ,1112.7,1129.65,1108.15,1126.25,1129.05,1113.9,684493,767581063.3,2016-08-23,25722,INE021A01026
485,ASIANPAINT,EQ,910.0,941.6,895.25,937.65,939.25,904.85,1881935,1735927447.8,2016-12-05,61937,INE021A01026
486,ASIANPAINT,EQ,1208.1,1208.4,1178.5,1182.3,1185.0,1205.75,365921,434705620.35,2016-10-17,20706,INE021A01026
487,ASIANPAINT,EQ,903.0,907.5,886.0,888.6,888.5,899.25,783143,702879797.1,2016-02-08,34992,INE021A01026
488,ASIANPAINT,EQ,1029.25,1036.4,1020.0,1028.55,1025.3,1030.7,529012,543024290.6,2016-07-20,14293,INE021A01026
489,ASIANPAINT,EQ,1044.75,1060.0,1040.0,1057.0,1054.2,1037.35,780312,819095359.35,2016-11-08,23796,INE021A01026
490,ASIANPAINT,EQ,1029.0,1029.0,1011.25,1018.05,1019.0,1032.75,933533,949762325.05,2016-06-08,29168,INE021A01026
491,ASIANPAINT,EQ,903.0,906.5,876.15,884.6,884.55,899.35,954046,846974291.6,2016-03-15,29343,INE021A01026
492,ASIANPAINT,EQ,860.0,861.45,849.6,851.55,850.85,858.25,448087,382138958.55,2016-04-08,23726,INE021A01026
493,ASIANPAINT,EQ,1201.0,1203.5,1185.0,1191.2,1192.0,1192.0,668223,799146708.25,2016-09-23,27537,INE021A01026
494,ASIANPAINT,EQ,1145.1,1172.5,1142.05,1158.5,1160.0,1144.4,965848,1123767778.75,2017-12-29,41074,INE021A01026
